[
  {
    "id": "4fd132e6-5901-4d4c-969c-fe51d72f889e",
    "data": [
      {
        "text": "No",
        "meta": "@sys.any",
        "alias": "CRDetails",
        "userDefined": true
      }
    ],
    "isTemplate": false,
    "count": 1,
    "lang": "en",
    "updated": 0
  },
  {
    "id": "98afec50-0cb8-4245-a1e1-b1f1e92cc568",
    "data": [
      {
        "text": "Yes",
        "meta": "@sys.any",
        "alias": "CRDetails",
        "userDefined": false
      }
    ],
    "isTemplate": false,
    "count": 0,
    "lang": "en",
    "updated": 0
  }
]