[
  {
    "id": "e51f6788-a0c1-41ea-a7bc-7401491ac00b",
    "data": [
      {
        "text": "Low",
        "meta": "@custom_entity",
        "alias": "CRUrgency",
        "userDefined": true
      }
    ],
    "isTemplate": false,
    "count": 0,
    "lang": "en",
    "updated": 0
  },
  {
    "id": "a5c4de6c-5b67-4a85-9ca0-e5aa08b545df",
    "data": [
      {
        "text": "NORMAL",
        "meta": "@custom_entity",
        "alias": "CRUrgency",
        "userDefined": true
      }
    ],
    "isTemplate": false,
    "count": 0,
    "lang": "en",
    "updated": 0
  },
  {
    "id": "2cd47651-d381-4905-9e4e-9b4906e75b23",
    "data": [
      {
        "text": "URGENT",
        "meta": "@custom_entity",
        "alias": "CRUrgency",
        "userDefined": true
      }
    ],
    "isTemplate": false,
    "count": 0,
    "lang": "en",
    "updated": 0
  }
]