[
  {
    "id": "26a78e88-fb52-42de-8634-575fd2ed0be7",
    "data": [
      {
        "text": "Option4",
        "meta": "@custom_entity",
        "alias": "ChangeReason",
        "userDefined": true
      }
    ],
    "isTemplate": false,
    "count": 0,
    "lang": "en",
    "updated": 0
  },
  {
    "id": "2ba2f6e6-5380-4acb-b1e5-22350799c4d7",
    "data": [
      {
        "text": "Option3",
        "meta": "@custom_entity",
        "alias": "ChangeReason",
        "userDefined": true
      }
    ],
    "isTemplate": false,
    "count": 0,
    "lang": "en",
    "updated": 0
  },
  {
    "id": "1092f0a5-23d0-4f09-889c-ecb90527797d",
    "data": [
      {
        "text": "Option2",
        "meta": "@custom_entity",
        "alias": "ChangeReason",
        "userDefined": true
      }
    ],
    "isTemplate": false,
    "count": 0,
    "lang": "en",
    "updated": 0
  },
  {
    "id": "1ee83371-0ff1-4e30-9fc3-6a712240e5ae",
    "data": [
      {
        "text": "Option1",
        "meta": "@custom_entity",
        "alias": "ChangeReason",
        "userDefined": true
      }
    ],
    "isTemplate": false,
    "count": 0,
    "lang": "en",
    "updated": 0
  }
]