[
  {
    "id": "eed5e524-b309-441e-bdaf-a8bd89cf1402",
    "data": [
      {
        "text": "Large",
        "meta": "@custom_entity",
        "alias": "CRImpact",
        "userDefined": true
      }
    ],
    "isTemplate": false,
    "count": 0,
    "lang": "en",
    "updated": 0
  },
  {
    "id": "98b6ddb3-4338-4900-8919-8bc1756344dc",
    "data": [
      {
        "text": "Limited Significant",
        "meta": "@custom_entity",
        "alias": "CRImpact",
        "userDefined": true
      }
    ],
    "isTemplate": false,
    "count": 0,
    "lang": "en",
    "updated": 0
  },
  {
    "id": "48c545ce-4076-4b6d-9b36-11d245909dee",
    "data": [
      {
        "text": "Localized Moderate",
        "meta": "@custom_entity",
        "alias": "CRImpact",
        "userDefined": true
      }
    ],
    "isTemplate": false,
    "count": 0,
    "lang": "en",
    "updated": 0
  },
  {
    "id": "20ecb892-9e4c-465f-af60-fad71cfa74c7",
    "data": [
      {
        "text": "Widespread Minor",
        "meta": "@custom_entity",
        "alias": "CRImpact",
        "userDefined": true
      }
    ],
    "isTemplate": false,
    "count": 0,
    "lang": "en",
    "updated": 0
  },
  {
    "id": "5167bf62-3ed8-4af6-a277-a497aa194fd1",
    "data": [
      {
        "text": "Extensive",
        "meta": "@custom_entity",
        "alias": "CRImpact",
        "userDefined": true
      }
    ],
    "isTemplate": false,
    "count": 0,
    "lang": "en",
    "updated": 0
  }
]