[
  {
    "id": "d5abc88b-c8f7-4c51-8a63-637f3011da20",
    "data": [
      {
        "text": "Option4",
        "meta": "@custom_entity",
        "alias": "InfoType",
        "userDefined": true
      }
    ],
    "isTemplate": false,
    "count": 0,
    "lang": "en",
    "updated": 0
  },
  {
    "id": "292bf8f9-59e0-456c-ae0e-83a4fa810d37",
    "data": [
      {
        "text": "Option3",
        "meta": "@custom_entity",
        "alias": "InfoType",
        "userDefined": true
      }
    ],
    "isTemplate": false,
    "count": 0,
    "lang": "en",
    "updated": 0
  },
  {
    "id": "285c0b2a-15e1-4826-8aab-6a402a0f00e7",
    "data": [
      {
        "text": "Option2",
        "meta": "@custom_entity",
        "alias": "InfoType",
        "userDefined": true
      }
    ],
    "isTemplate": false,
    "count": 0,
    "lang": "en",
    "updated": 0
  },
  {
    "id": "187aa307-1d81-4d03-88cc-fe7ec078eab9",
    "data": [
      {
        "text": "Option1",
        "meta": "@custom_entity",
        "alias": "InfoType",
        "userDefined": true
      }
    ],
    "isTemplate": false,
    "count": 1,
    "lang": "en",
    "updated": 0
  }
]