[
  {
    "id": "13427372-d9b2-4b0d-b14a-c5b54dfd7f5a",
    "data": [
      {
        "text": "No Impact",
        "meta": "@custom_entity",
        "alias": "CRType",
        "userDefined": true
      }
    ],
    "isTemplate": false,
    "count": 0,
    "lang": "en",
    "updated": 0
  },
  {
    "id": "95d4d4b5-1015-43e7-a7d2-b7a876194335",
    "data": [
      {
        "text": "Emergency",
        "meta": "@custom_entity",
        "alias": "CRType",
        "userDefined": true
      }
    ],
    "isTemplate": false,
    "count": 0,
    "lang": "en",
    "updated": 0
  },
  {
    "id": "a478f15d-7659-473c-bb34-ff4f193975ad",
    "data": [
      {
        "text": "Normal",
        "meta": "@custom_entity",
        "alias": "CRType",
        "userDefined": true
      }
    ],
    "isTemplate": false,
    "count": 0,
    "lang": "en",
    "updated": 0
  },
  {
    "id": "7967d5d9-76a7-4f44-b900-422fed86ed18",
    "data": [
      {
        "text": "Expedieted",
        "meta": "@custom_entity",
        "alias": "CRType",
        "userDefined": true
      }
    ],
    "isTemplate": false,
    "count": 0,
    "lang": "en",
    "updated": 0
  },
  {
    "id": "1a456176-6a20-4085-a522-18c49de23975",
    "data": [
      {
        "text": "Standard",
        "meta": "@custom_entity",
        "alias": "CRType",
        "userDefined": true
      }
    ],
    "isTemplate": false,
    "count": 0,
    "lang": "en",
    "updated": 0
  }
]