[
  {
    "id": "a53657d0-27cb-4919-a905-5738c8110448",
    "data": [
      {
        "text": "4",
        "meta": "@custom_entity",
        "alias": "CRRiskLevel",
        "userDefined": true
      }
    ],
    "isTemplate": false,
    "count": 0,
    "lang": "en",
    "updated": 0
  },
  {
    "id": "2b0f975d-8951-4de7-b83b-e5ddac9f6be4",
    "data": [
      {
        "text": "5",
        "meta": "@custom_entity",
        "alias": "CRRiskLevel",
        "userDefined": true
      }
    ],
    "isTemplate": false,
    "count": 0,
    "lang": "en",
    "updated": 0
  },
  {
    "id": "c6e58ea5-b104-472b-85f3-174b256b5126",
    "data": [
      {
        "text": "3",
        "meta": "@custom_entity",
        "alias": "CRRiskLevel",
        "userDefined": true
      }
    ],
    "isTemplate": false,
    "count": 0,
    "lang": "en",
    "updated": 0
  },
  {
    "id": "a2be935f-9614-4c5e-8fd3-c29703225cfa",
    "data": [
      {
        "text": "2",
        "meta": "@custom_entity",
        "alias": "CRRiskLevel",
        "userDefined": true
      }
    ],
    "isTemplate": false,
    "count": 0,
    "lang": "en",
    "updated": 0
  },
  {
    "id": "629c1630-a964-4fe3-a5c7-959e78a53472",
    "data": [
      {
        "text": "1",
        "meta": "@custom_entity",
        "alias": "CRRiskLevel",
        "userDefined": true
      }
    ],
    "isTemplate": false,
    "count": 0,
    "lang": "en",
    "updated": 0
  }
]