[
  {
    "id": "d12dbb3d-b2d9-4df0-bd6b-be8f4e7dc344",
    "data": [
      {
        "text": "No",
        "meta": "@custom_entity",
        "alias": "CRServiceImpacting",
        "userDefined": true
      }
    ],
    "isTemplate": false,
    "count": 0,
    "lang": "en",
    "updated": 0
  },
  {
    "id": "d7d219f4-4aae-4c36-9428-e44891f623f4",
    "data": [
      {
        "text": "Yes",
        "meta": "@custom_entity",
        "alias": "CRServiceImpacting",
        "userDefined": true
      }
    ],
    "isTemplate": false,
    "count": 0,
    "lang": "en",
    "updated": 0
  }
]